"0","library(dplyr)"
"0",""
"0","new_hs <- data.frame(hs_pct = seq(0, 1, by = 0.01))"
"0",""
"0","ci <- predict(povertyDegree, newdata = new_hs,"
"0","              interval = ""confidence"", level = 0.95)"
"0","pi <- predict(povertyDegree, newdata = new_hs,"
"0","              interval = ""prediction"", level = 0.95)"
"0",""
"0","predictions <- data.frame("
"0","  hs_pct    = new_hs$hs_pct,"
"0","  fit       = ci[, ""fit""],"
"0","  ci_lower  = ci[, ""lwr""],"
"0","  ci_upper  = ci[, ""upr""],"
"0","  pi_lower  = pi[, ""lwr""],"
"0","  pi_upper  = pi[, ""upr""]"
"0",")"
"0",""
"0","ggplot(predictions, aes(x = hs_pct)) +"
"0","  geom_point(data = electionData, aes(x = hs_pct, y = poverty),"
"0","             alpha = 0.6) +"
"0","  geom_line(aes(y = fit), color = ""black"", linewidth = 1) +"
"0","  geom_line(aes(y = ci_lower), color = ""red"") +"
"0","  geom_line(aes(y = ci_upper), color = ""red"") +"
"0","  geom_line(aes(y = pi_lower), color = ""blue"") +"
"0","  geom_line(aes(y = pi_upper), color = ""blue"") +"
"0","  geom_hline(yintercept = 0, linetype = ""dashed"", color = ""gray"") +"
"0","  labs("
"0","    title = ""Poverty vs HS % with 95% CI and PI"","
"0","    x = ""HS %"","
"0","    y = ""Poverty"""
"0","  ) +"
"0","  theme_minimal()"
