"0","confint(rentAge, level = 0.95)"
"1","           "
"1","       2.5 %"
"1","      97.5 %"
"1","
(Intercept)"
"1"," 1483.935881"
"1"," 1564.905400"
"1","
age        "
"1","   -5.234643"
"1","    1.710801"
"1","
"
"0","confint(rentExpense, level = 0.95)"
"1","           "
"1","        2.5 %"
"1","       97.5 %"
"1","
(Intercept)"
"1"," 1.263782e+03"
"1"," 1414.7260275"
"1","
expense    "
"1"," 9.912336e-02"
"1","    0.2461573"
"1","
"
"0","confint(rentSpace, level = 0.95)"
"1","           "
"1","        2.5 %"
"1","       97.5 %"
"1","
(Intercept)"
"1"," 1.368157e+03"
"1"," 1.448442e+03"
"1","
space      "
"1"," 3.753845e-02"
"1"," 7.482917e-02"
"1","
"
