"0","predict(voterPoverty,"
"0","        newdata = data.frame(poverty = 0.30),"
"0","        interval = ""confidence"","
"0","        level = 0.95)"
"1"," "
"1","      fit"
"1","      lwr"
"1","      upr"
"1","
1"
"1"," 55.67134"
"1"," 54.69775"
"1"," 56.64494"
"1","
"
"0","predict(voterPoverty,"
"0","        newdata = data.frame(poverty = 0.30),"
"0","        interval = ""prediction"","
"0","        level = 0.95)"
"1"," "
"1","      fit"
"1","     lwr"
"1","      upr"
"1","
1"
"1"," 55.67134"
"1"," 24.9265"
"1"," 86.41619"
"1","
"
