"0","rentAge <- lm(rent~age, data = rentalData)"
"0","rentExpense <- lm(rent~expense, data = rentalData)"
"0","rentSpace <- lm(rent~space, data = rentalData)"
"0",""
"0","summary(rentAge)"
"1","
Call:
"
"1",""
"1","lm(formula = rent ~ age, data = rentalData)"
"1",""
"1","

"
"1",""
"1","Residuals:
"
"1","    Min "
"1","     1Q "
"1"," Median "
"1","     3Q "
"1","    Max "
"1","
"
"1","-683.37 "
"1","-139.15 "
"1","   3.94 "
"1"," 140.37 "
"1"," 586.25 "
"1","
"
"1","
Coefficients:
"
"1","           "
"1"," Estimate"
"1"," Std. Error"
"1"," t value"
"1"," Pr(>|t|)"
"1","    "
"1","
(Intercept)"
"1"," 1524.421"
"1","     20.578"
"1","  74.079"
"1","   <2e-16"
"1"," ***"
"1","
age        "
"1","   -1.762"
"1","      1.765"
"1","  -0.998"
"1","    0.319"
"1","    "
"1","
"
"1","---
Signif. codes:  "
"1",""
"1","0 ‘***’ 0.001 ‘**’ 0.01 ‘*’ 0.05 ‘.’ 0.1 ‘ ’ 1"
"1","
"
"1","
Residual standard error:"
"1"," "
"1","219.3"
"1"," "
"1","on"
"1"," "
"1","322"
"1"," "
"1","degrees of freedom"
"1","
"
"1","Multiple R-squared: "
"1"," "
"1","0.003085"
"1",",	Adjusted R-squared: "
"1"," "
"1","-1.139e-05"
"1"," "
"1","
F-statistic:"
"1"," "
"1","0.9963"
"1"," "
"1","on"
"1"," "
"1","1"
"1"," "
"1","and"
"1"," "
"1","322"
"1"," "
"1","DF,  p-value:"
"1"," "
"1","0.319"
"1","
"
"1","
"
"0","summary(rentExpense)"
"1","
Call:
"
"1",""
"1","lm(formula = rent ~ expense, data = rentalData)"
"1",""
"1","

"
"1",""
"1","Residuals:
"
"1","    Min "
"1","     1Q "
"1"," Median "
"1","     3Q "
"1","    Max "
"1","
"
"1","-662.48 "
"1","-139.31 "
"1"," -16.83 "
"1"," 124.44 "
"1"," 571.29 "
"1","
"
"1","
Coefficients:
"
"1","           "
"1","  Estimate"
"1"," Std. Error"
"1"," t value"
"1"," Pr(>|t|)"
"1","    "
"1","
(Intercept)"
"1"," 1.339e+03"
"1","  3.836e+01"
"1","   34.91"
"1","  < 2e-16"
"1"," ***"
"1","
expense    "
"1"," 1.726e-01"
"1","  3.737e-02"
"1","    4.62"
"1"," 5.56e-06"
"1"," ***"
"1","
"
"1","---
Signif. codes:  "
"1",""
"1","0 ‘***’ 0.001 ‘**’ 0.01 ‘*’ 0.05 ‘.’ 0.1 ‘ ’ 1"
"1","
"
"1","
Residual standard error:"
"1"," "
"1","212.7"
"1"," "
"1","on"
"1"," "
"1","322"
"1"," "
"1","degrees of freedom"
"1","
"
"1","Multiple R-squared: "
"1"," "
"1","0.06217"
"1",",	Adjusted R-squared: "
"1"," "
"1","0.05925"
"1"," "
"1","
F-statistic:"
"1"," "
"1","21.34"
"1"," "
"1","on"
"1"," "
"1","1"
"1"," "
"1","and"
"1"," "
"1","322"
"1"," "
"1","DF,  p-value:"
"1"," "
"1","5.558e-06"
"1","
"
"1","
"
"0","summary(rentSpace)"
"1","
Call:
"
"1",""
"1","lm(formula = rent ~ space, data = rentalData)"
"1",""
"1","

"
"1",""
"1","Residuals:
"
"1","    Min "
"1","     1Q "
"1"," Median "
"1","     3Q "
"1","    Max "
"1","
"
"1","-667.00 "
"1","-138.45 "
"1","   0.34 "
"1"," 145.92 "
"1"," 578.91 "
"1","
"
"1","
Coefficients:
"
"1","           "
"1","  Estimate"
"1"," Std. Error"
"1"," t value"
"1"," Pr(>|t|)"
"1","    "
"1","
(Intercept)"
"1"," 1.408e+03"
"1","  2.040e+01"
"1","  69.020"
"1","  < 2e-16"
"1"," ***"
"1","
space      "
"1"," 5.618e-02"
"1","  9.477e-03"
"1","   5.928"
"1"," 7.88e-09"
"1"," ***"
"1","
"
"1","---
Signif. codes:  "
"1",""
"1","0 ‘***’ 0.001 ‘**’ 0.01 ‘*’ 0.05 ‘.’ 0.1 ‘ ’ 1"
"1","
"
"1","
Residual standard error:"
"1"," "
"1","208.6"
"1"," "
"1","on"
"1"," "
"1","322"
"1"," "
"1","degrees of freedom"
"1","
"
"1","Multiple R-squared: "
"1"," "
"1","0.0984"
"1",",	Adjusted R-squared: "
"1"," "
"1","0.0956"
"1"," "
"1","
F-statistic:"
"1"," "
"1","35.14"
"1"," "
"1","on"
"1"," "
"1","1"
"1"," "
"1","and"
"1"," "
"1","322"
"1"," "
"1","DF,  p-value:"
"1"," "
"1","7.884e-09"
"1","
"
"1","
"
